"id","name","college","dept","title","is_asst","pub_year","pub_total","color","is_cfep","cfep_cluster"
"fyyamane","Yalcin Yamaner","College of Engineering","Electrical and Computer Engineering","","False","2","76","#0072B2","False",""
"asanmig","Adriana San Miguel","College of Engineering","Chemical and Biomolecular Engineering","","False","3","55","#0072B2","False",""
"drpanthe","Dilip Panthee","College of Agriculture and Life Sciences","Horticultural Science","","False","4","79","#E69F00","False",""
"nrvinuez","Nelson Vinueza Benitez","Wilson College of Textiles","Textile Engineering, Chemistry and Science","","False","1","54","#1ABC9C","False",""
"eglazer","Phoebe Glazer","College of Sciences","Chemistry","","False","1","37","#009E73","False",""
"jhvanzan","John van Zanten","College of Engineering","Golden Leaf Biomanufacturing Training and Education Center","","False","1","8","#0072B2","False",""
"rwgonzal","Ronalds Gonzalez","College of Natural Resources","Forest Biomaterials","","False","4","95","#9B59B6","False",""
"fsantos2","Frederico Freitas","College of Humanities and Social Sciences","History","","False","1","17","#CC79A7","False",""
"wshi3","Wei Shi","College of Agriculture and Life Sciences","Crop and Soil Sciences","","False","4","66","#E69F00","False",""
"achakra2","Aranya Chakrabortty","College of Engineering","Electrical and Computer Engineering","","False","7","196","#0072B2","False",""
"dpellet","Denis Pelletier","Poole College of Management","Economics","","False","2","19","#F0E442","False",""
"rbarker","Roger Barker","Wilson College of Textiles","Textile Engineering, Chemistry and Science","","False","4","40","#1ABC9C","False",""
"acmclaug","Anne McLaughlin","College of Humanities and Social Sciences","Psychology","","False","7","107","#CC79A7","False",""
"armoorh2","Andy Moorhead","College of Veterinary Medicine","Clinical Sciences","","False","1","52","#56B4E9","False",""
"hliu4","H C Liu","College of Agriculture and Life Sciences","Animal Science","","False","3","38","#E69F00","False",""
"imgimeno","Isabel Gimeno","College of Veterinary Medicine","Population Health and Pathobiology","","False","1","50","#56B4E9","False",""
"agopalar","Ashok Gopalarathnam","College of Engineering","Mechanical and Aerospace Engineering","","False","1","48","#0072B2","False",""
"mchi","Min Chi","College of Engineering","Computer Science","","False","2","53","#0072B2","False",""
"cmaltec","Christian Maltecca","College of Agriculture and Life Sciences","Animal Science","","False","4","214","#E69F00","False",""
"frey","Chris Frey","College of Engineering","Engineering Research","","False","8","132","#0072B2","False",""
"jggayles","Joy Gayles","College of Education","Educational Leadership, Policy, and Human Development","","False","1","25","#D55E00","False",""
"lester","James Lester","College of Engineering","Computer Science","","False","4","150","#0072B2","False",""
"xjiang5","Xiaoning Jiang","College of Engineering","Mechanical and Aerospace Engineering","","False","4","372","#0072B2","False",""
"kaltofen","Erich Kaltofen","College of Sciences","Mathematics","","False","3","61","#009E73","False",""
"pmperkin","Penelope Perkins-Veazie","College of Agriculture and Life Sciences","Horticultural Science","","False","4","110","#E69F00","False",""
"jbudhat","Januka Budhathoki Uprety","Wilson College of Textiles","Textile Engineering, Chemistry and Science","","False","1","38","#1ABC9C","False",""
"kdgriege","Khara Grieger","College of Agriculture and Life Sciences","Applied Ecology","","False","1","76","#E69F00","False",""
"cbcoope3","Caren Cooper","College of Natural Resources","Forestry and Environmental Resources","","False","3","87","#9B59B6","False",""
"mlila","Mary Lila","College of Agriculture and Life Sciences","Kannapolis Research","","False","6","202","#E69F00","False",""
"rgcarbon","Ruben Carbonell","College of Engineering","Golden Leaf Biomanufacturing Training and Education Center","","False","6","83","#0072B2","False",""
"hallen","Hans Hallen","College of Sciences","Physics","","False","2","58","#009E73","False",""
"sastage","Scott Stage","College of Humanities and Social Sciences","Psychology","","False","3","10","#CC79A7","False",""
"bgilger","Brian Gilger","College of Veterinary Medicine","Clinical Sciences","","False","11","162","#56B4E9","False",""
"rlcook","Rachel Cook","College of Natural Resources","Forestry and Environmental Resources","","False","1","74","#9B59B6","False",""
"apgriesh","Andrew Grieshop","College of Engineering","Civil, Construction and Environmental Engineering","","False","2","67","#0072B2","False",""
"sepratt2","Shannon Phillips","College of Agriculture and Life Sciences","Animal Science","","False","3","53","#E69F00","False",""
"rfguerre","Rafael Guerrero","College of Sciences","Biological Sciences","","False","1","47","#009E73","False",""
"rjnaraya","Roger Narayan","College of Engineering","Biomedical Engineering","","False","25","288","#0072B2","False",""
"closburn","Chris Osburn","College of Sciences","Marine, Earth, and Atmospheric Sciences","","False","4","124","#009E73","False",""
"jkuzma","Jennifer Kuzma","College of Humanities and Social Sciences","Political Science & Public Administration [in the School of Public and International Affairs]","","False","9","85","#CC79A7","False",""
"cmtherio","Casey Theriot","College of Veterinary Medicine","Population Health and Pathobiology","","False","2","63","#56B4E9","False",""
"klebert","Kim Ebert","College of Humanities and Social Sciences","Sociology and Anthropology","","False","2","21","#CC79A7","False",""
"glcomsto","Gary Comstock","College of Humanities and Social Sciences","Philosophy and Religious Studies","","False","7","42","#CC79A7","False",""
"oyozalti","Osman Ozaltin","College of Engineering","Edward P. Fitts Department of Industrial & Systems Engineering","","False","3","39","#0072B2","False",""
"msashwel","Melissa Merrill","College of Agriculture and Life Sciences","Animal Science","","False","3","28","#E69F00","False",""
"msano2","Mike Sano","College of Veterinary Medicine","Molecular Biomedical Sciences","","False","4","43","#56B4E9","False",""
"clpickwo","Carrie Pickworth","College of Agriculture and Life Sciences","Animal Science","","False","1","42","#E69F00","False",""
"mlsikes","Michael Sikes","College of Sciences","Biological Sciences","","False","3","11","#009E73","False",""
"mpgreen2","Matthew Green","College of Sciences","Physics","","False","1","94","#009E73","False",""
"sescherf","Susan Jakes","College of Agriculture and Life Sciences","College of Agriculture and Life Sciences Administration","","False","1","5","#E69F00","False",""
"thlabean","Thomas LaBean","College of Engineering","Materials Science and Engineering","","False","2","57","#0072B2","False",""
"shultz","David Shultz","College of Sciences","Chemistry","","False","3","59","#009E73","False",""
"shu4","Shuijin Hu","College of Agriculture and Life Sciences","Entomology and Plant Pathology","","False","4","183","#E69F00","False",""
"fgarcia4","Fernando Garcia Menendez","College of Engineering","Civil, Construction and Environmental Engineering","","False","1","41","#0072B2","False",""
"wolfram","Walter Wolfram","College of Humanities and Social Sciences","English","","False","1","20","#CC79A7","False",""
"mvramire","Melissa Ramirez","College of Sciences","Biological Sciences","","False","1","25","#009E73","False",""
"yencho","Craig Yencho","College of Agriculture and Life Sciences","Horticultural Science","","False","4","109","#E69F00","False",""
"ranji","Ranji Ranjithan","College of Engineering","Civil, Construction and Environmental Engineering","","False","11","66","#0072B2","False",""
"aecarso2","Ashley Brown","College of Engineering","Biomedical Engineering","","False","1","103","#0072B2","False",""
"dbeggles","David Eggleston","College of Sciences","Marine, Earth, and Atmospheric Sciences","","False","2","70","#009E73","False",""
"odvelev","Orlin Velev","College of Engineering","Chemical and Biomolecular Engineering","","False","10","202","#0072B2","False",""
"cjhalweg","Chris Halweg","College of Sciences","Biological Sciences","","False","1","2","#009E73","False",""
"mwking2","Martin King","Wilson College of Textiles","Textile Engineering, Chemistry and Science","","False","1","72","#1ABC9C","False",""
"xpeng5","Xinxia Peng","College of Veterinary Medicine","Molecular Biomedical Sciences","","False","4","60","#56B4E9","False",""
"lawilli3","Laurie Williams","College of Engineering","Computer Science","","False","4","101","#0072B2","False",""
"mco","Mehmet Ozturk","College of Engineering","Electrical and Computer Engineering","","False","2","27","#0072B2","False",""
"lclove","Lydia Love","College of Veterinary Medicine","Molecular Biomedical Sciences","","False","1","18","#56B4E9","False",""
"cxu24","Cheryl Xu","College of Engineering","Mechanical and Aerospace Engineering","","False","12","90","#0072B2","False",""
"skrhea","Sarah Rhea","College of Veterinary Medicine","Population Health and Pathobiology","","False","1","33","#56B4E9","False",""
"ekemahl","Eda Kemahlioglu-Ziya","Poole College of Management","Information Technology, Analytics, & Operations","","False","1","16","#F0E442","False",""
"dambaras","David Ambaras","College of Humanities and Social Sciences","History","","False","2","17","#CC79A7","False",""
"jftu","Juei Tu","College of Engineering","Mechanical and Aerospace Engineering","","False","2","23","#0072B2","False",""
"franzen","Stefan Franzen","College of Sciences","Chemistry","","False","13","129","#009E73","False",""
"kjpeters","Kara Peters","College of Engineering","Engineering Research","","False","11","157","#0072B2","False",""
"mnavramo","Maria Avramova","College of Engineering","Nuclear Engineering","","False","2","85","#0072B2","False",""
"bjchapma","Benjamin Chapman","College of Agriculture and Life Sciences","Agricultural and Human Sciences","","False","2","45","#E69F00","False",""
"btoconno","Brendan O'Connor","College of Engineering","Mechanical and Aerospace Engineering","","False","2","87","#0072B2","False",""
"rashirwa","Rohan Shirwaiker","College of Engineering","Edward P. Fitts Department of Industrial & Systems Engineering","","False","1","55","#0072B2","False",""
"aismirno","Alexej Smirnov","College of Sciences","Chemistry","","False","9","127","#009E73","False",""
"hmmcgowa","Herle McGowan","College of Sciences","College of Sciences Administration","","False","1","1","#009E73","False",""
"bwatson","Benjamin Watson","College of Engineering","Computer Science","","False","2","22","#0072B2","False",""
"jtsuji","Jun Ninomiya-Tsuji","College of Sciences","Biological Sciences","","False","3","52","#009E73","False",""
"nwising","Nina Balke","College of Engineering","Materials Science and Engineering","","False","7","143","#0072B2","False",""
"amelsha","Ahmed El-Shafei","Wilson College of Textiles","Textile Engineering, Chemistry and Science","","False","1","134","#1ABC9C","False",""
"drotenb","Dorith Rotenberg","College of Agriculture and Life Sciences","Entomology and Plant Pathology","","False","1","60","#E69F00","False",""
"tnguye13","Tien Khai Nguyen","College of Sciences","Mathematics","","False","2","45","#009E73","False",""
"nsharm23","Nitin Sharma","College of Engineering","Biomedical Engineering","","False","4","125","#0072B2","False",""
"lalucia","Lucian Lucia","College of Natural Resources","Forest Biomaterials","","False","5","313","#9B59B6","False",""
"wchang6","Wei-Chen Chang","College of Sciences","Chemistry","","False","1","76","#009E73","False",""
"sthakur","Siddhartha Thakur","College of Veterinary Medicine","Population Health and Pathobiology","","False","5","100","#56B4E9","False",""
"dvashae","Daryoosh Vashaee","College of Engineering","Electrical and Computer Engineering","","False","1","210","#0072B2","False",""
"aalexan3","Alen Alexanderian","College of Sciences","Mathematics","","False","1","48","#009E73","False",""
"hubbe","Martin Hubbe","College of Natural Resources","Forest Biomaterials","","False","2","137","#9B59B6","False",""
"jsking5","John King","College of Natural Resources","Forestry and Environmental Resources","","False","3","102","#9B59B6","False",""
"rbarran","Rodolphe Barrangou","College of Agriculture and Life Sciences","Food, Bioprocessing, and Nutrition Sciences","","False","4","237","#E69F00","False",""
"daley","Dennis Daley","College of Humanities and Social Sciences","Political Science & Public Administration [in the School of Public and International Affairs]","","False","1","12","#CC79A7","False",""
"lmclaug2","Levi McLaughlin","College of Humanities and Social Sciences","Philosophy and Religious Studies","","False","2","34","#CC79A7","False",""
"bejacks2","Brian Jackson","College of Agriculture and Life Sciences","Horticultural Science","","False","1","48","#E69F00","False",""
"rsazdan","Radmila Sazdanovic","College of Sciences","Mathematics","","False","1","53","#009E73","False",""
"ceg","Clifford Griffin","College of Humanities and Social Sciences","Political Science & Public Administration [in the School of Public and International Affairs]","","False","1","4","#CC79A7","False",""
"lwalker3","Lin Walker","College of Agriculture and Life Sciences","Prestage Department of Poultry Science","","False","1","15","#E69F00","False",""
"mbnsonwu","Maura Nsonwu","College of Humanities and Social Sciences","Social Work","","False","1","28","#CC79A7","False",""
"kmathews","Kyle Mathews","College of Veterinary Medicine","Clinical Sciences","","False","3","66","#56B4E9","False",""
"kmcharro","Kat Charron","College of Humanities and Social Sciences","History","","False","2","8","#CC79A7","False",""
"xlin35","Xingcheng Lin","College of Sciences","Physics","","False","2","56","#009E73","False",""
"astaicu","Ana-Maria Staicu","College of Sciences","Statistics","","False","3","68","#009E73","False",""
"slvaden","Shelly Vaden","College of Veterinary Medicine","Clinical Sciences","","False","4","84","#56B4E9","False",""
"cproulx","Caroline Proulx","College of Sciences","Chemistry","","False","3","42","#009E73","False",""
"nrames","Natalie Ames","College of Humanities and Social Sciences","Social Work","","False","1","13","#CC79A7","False",""
"bkgoodwi","Barry Goodwin","College of Agriculture and Life Sciences","Agricultural and Resource Economics","","False","3","76","#E69F00","False",""
"ksaul","Katherine Saul","College of Engineering","Mechanical and Aerospace Engineering","","False","1","76","#0072B2","False",""
"rbhayes","Robert Hayes","College of Engineering","Nuclear Engineering","","False","2","61","#0072B2","False",""
"skmishra","Santosh Mishra","College of Veterinary Medicine","Molecular Biomedical Sciences","","False","1","35","#56B4E9","False",""
"vmbakerr","Michelle Russell","College of Humanities and Social Sciences","Psychology","","False","2","14","#CC79A7","False",""
"tprange","Timo Prange","College of Veterinary Medicine","Clinical Sciences","","False","3","34","#56B4E9","False",""
"spontak","Richard Spontak","College of Engineering","Chemical and Biomolecular Engineering","","False","4","144","#0072B2","False",""
"gbyrd","Greg Byrd","College of Engineering","Electrical and Computer Engineering","","False","1","53","#0072B2","False",""
"bmrao","Balaji Rao","College of Engineering","Chemical and Biomolecular Engineering","","False","2","67","#0072B2","False",""
"mdlorenz","Marce Lorenzen","College of Agriculture and Life Sciences","Entomology and Plant Pathology","","False","1","49","#E69F00","False",""
"ksmulvey","Kelly Lynn Mulvey","College of Humanities and Social Sciences","Psychology","","False","1","138","#CC79A7","False",""
"mbedward","Michael Edwards","College of Natural Resources","Parks, Recreation and Tourism Management","","False","2","57","#9B59B6","False",""
"esmoney","Eric Money","College of Natural Resources","Center for Geospatial Analytics","","False","1","15","#9B59B6","False",""
"rcrespo","Rocio Crespo","College of Veterinary Medicine","Population Health and Pathobiology","","False","3","64","#56B4E9","False",""
"hdwester","Hans Westermeyer","College of Veterinary Medicine","Clinical Sciences","","False","1","43","#56B4E9","False",""
"vgcarraw","Virginia Stage","College of Agriculture and Life Sciences","Agricultural and Human Sciences","","False","2","60","#E69F00","False",""
"akemper","Lex Kemper","College of Sciences","College of Sciences Administration","","False","3","125","#009E73","False",""
"arellis","Alan Ellis","College of Humanities and Social Sciences","Social Work","","False","1","72","#CC79A7","False",""
"nmatsud","Noboru Matsuda","College of Engineering","Computer Science","","False","2","34","#0072B2","False",""
"drsheehy","Donald Sheehy","College of Engineering","Computer Science","","False","2","29","#0072B2","False",""
"erthomas","Erik Thomas","College of Humanities and Social Sciences","English","","False","1","15","#CC79A7","False",""
"kimler","William Kimler","College of Humanities and Social Sciences","History","","False","2","4","#CC79A7","False",""
"oaharrys","Ola Lars Harrysson","College of Engineering","Edward P. Fitts Department of Industrial & Systems Engineering","","False","2","61","#0072B2","False",""
"jcmichno","Jim Michnowicz","College of Humanities and Social Sciences","World Languages and Cultures","","False","1","22","#CC79A7","False",""
"fldelosr","Francis de los Reyes","College of Engineering","Civil, Construction and Environmental Engineering","","False","7","93","#0072B2","False",""
"cjmattin","Carolyn Mattingly","College of Sciences","Biological Sciences","","False","2","59","#009E73","False",""
"macubeta","Marc Cubeta","College of Agriculture and Life Sciences","Entomology and Plant Pathology","","False","2","64","#E69F00","False",""
"mtulbure","Mirela Tulbure","College of Natural Resources","Forestry and Environmental Resources","","False","4","55","#9B59B6","False",""
"candice","Ioannis Viniotis","College of Engineering","Electrical and Computer Engineering","","False","1","23","#0072B2","False",""
"sbhatta4","Subhashish Bhattacharya","College of Engineering","Electrical and Computer Engineering","","False","29","632","#0072B2","False",""
"lkhanley","Linda Hanley-Bowdoin","College of Agriculture and Life Sciences","Plant and Microbial Biology","","False","2","54","#E69F00","False",""
"ejakubi","Elena Jakubikova","College of Sciences","Chemistry","","False","1","85","#009E73","False",""
"jlswann","Julie Swann","College of Engineering","Edward P. Fitts Department of Industrial & Systems Engineering","","False","4","100","#0072B2","False",""
"dbdoughe","Daniel Dougherty","College of Sciences","Physics","","False","3","70","#009E73","False",""
"sesuter","Steven Suter","College of Veterinary Medicine","Clinical Sciences","","False","1","52","#56B4E9","False",""
"sflim","Shuang Fang Lim","College of Sciences","Physics","","False","1","22","#009E73","False",""
"iperera","Imara Perera","College of Agriculture and Life Sciences","Plant and Microbial Biology","","False","3","33","#E69F00","False",""
"szgurbuz","Sevgi Gurbuz","College of Engineering","Electrical and Computer Engineering","","False","4","125","#0072B2","False",""
"mlcrowle","Martha Crowley","College of Humanities and Social Sciences","Sociology and Anthropology","","False","2","14","#CC79A7","False",""
"ericro","Eric Rotenberg","College of Engineering","Electrical and Computer Engineering","","False","2","39","#0072B2","False",""
"rdewey","Ralph Dewey","College of Agriculture and Life Sciences","Crop and Soil Sciences","","False","1","37","#E69F00","False",""
"xie","Lian Xie","College of Sciences","Marine, Earth, and Atmospheric Sciences","","False","6","78","#009E73","False",""
"pcjordan","Paige Luck","College of Agriculture and Life Sciences","Food, Bioprocessing, and Nutrition Sciences","","False","2","11","#E69F00","False",""
"aneilso","Andrew Neilson","College of Agriculture and Life Sciences","Kannapolis Research","","False","4","122","#E69F00","False",""
"gsseiler","Gabriela Seiler","College of Veterinary Medicine","Molecular Biomedical Sciences","","False","5","36","#56B4E9","False",""
"aeroglu","Abdulkerim Eroglu","College of Agriculture and Life Sciences","Kannapolis Research","","False","1","24","#E69F00","False",""
"wiley","Steve Wiley","College of Humanities and Social Sciences","Communication","","False","2","9","#CC79A7","False",""
"drasmus","David Rasmussen","College of Agriculture and Life Sciences","Entomology and Plant Pathology","","False","1","57","#E69F00","False",""
"hall","Carol Hall","College of Engineering","Chemical and Biomolecular Engineering","","False","6","152","#0072B2","False",""
"jbearp","Julie Earp","Poole College of Management","Information Technology, Analytics, & Operations","","False","1","14","#F0E442","False",""
"mrodrig","Marcelo Rodriguez","College of Veterinary Medicine","Molecular Biomedical Sciences","","False","1","16","#56B4E9","False",""
"wasandov","William Sandoval","College of Education","Science, Technology, Engineering, & Mathematics Education","","False","2","33","#D55E00","False",""
"techekk","Tarek Echekki","College of Engineering","Mechanical and Aerospace Engineering","","False","5","72","#0072B2","False",""
"arbinder","Andy Binder","College of Humanities and Social Sciences","Communication","","False","1","25","#CC79A7","False",""
"sghosh2","Sujit Ghosh","College of Sciences","Statistics","","False","7","118","#009E73","False",""
"wftb","William Thompson","College of Agriculture and Life Sciences","Plant and Microbial Biology","","False","1","26","#E69F00","False",""
"tfang2","Tiegang Fang","College of Engineering","Mechanical and Aerospace Engineering","","False","13","163","#0072B2","False",""
"wyuan2","Wenqiao Yuan","College of Agriculture and Life Sciences","Biological and Agricultural Engineering","","False","1","73","#E69F00","False",""
"teshrive","Thomas Shriver","College of Humanities and Social Sciences","Sociology and Anthropology","","False","3","60","#CC79A7","False",""
"blondin","John Blondin","College of Sciences","Physics","","False","2","46","#009E73","False",""
"apmazzol","Andre Mazzoleni","College of Engineering","Mechanical and Aerospace Engineering","","False","1","60","#0072B2","False",""
"rleon","Ramon Leon Gonzalez","College of Agriculture and Life Sciences","Crop and Soil Sciences","","False","1","170","#E69F00","False",""
"jbbarcen","Jose Bruno-Barcena","College of Agriculture and Life Sciences","Plant and Microbial Biology","","False","2","42","#E69F00","False",""
"dbrown","Dennis Brown","College of Agriculture and Life Sciences","Molecular and Structural Biochemistry","","False","6","30","#E69F00","False",""
"rouskas","Georgios Rouskas","College of Engineering","Computer Science","","False","4","89","#0072B2","False",""
"seyuter","Sandra Yuter","College of Sciences","Marine, Earth, and Atmospheric Sciences","","False","1","71","#009E73","False",""
"dxie","Deyu Xie","College of Agriculture and Life Sciences","Plant and Microbial Biology","","False","2","98","#E69F00","False",""
"rrunocic","Raymond Unocic","College of Engineering","Materials Science and Engineering","","False","6","209","#0072B2","False",""
"godwin","John Godwin","College of Sciences","Biological Sciences","","False","4","52","#009E73","False",""
"krgross","Kevin Gross","College of Sciences","Statistics","","False","4","51","#009E73","False",""
"dcmuddim","David Muddiman","College of Sciences","Chemistry","","False","19","307","#009E73","False",""
"leung","Yu-Fai Leung","College of Natural Resources","Parks, Recreation and Tourism Management","","False","3","67","#9B59B6","False",""
"mtanigu","Masahiko Taniguchi","College of Sciences","Chemistry","","False","7","111","#009E73","False",""
"rbrose2","Bob Rose","College of Agriculture and Life Sciences","Molecular and Structural Biochemistry","","False","2","17","#E69F00","False",""
"tzagenc","Tom Zagenczyk","Poole College of Management","Management, Innovation and Entrepreneurship","","False","2","65","#F0E442","False",""
"kogan","Kemafor Ogan","College of Engineering","Computer Science","","False","4","33","#0072B2","False",""
"hding","Huiling Ding","College of Humanities and Social Sciences","English","","False","1","16","#CC79A7","False",""
"akhowar5","Anna Howard","College of Engineering","Mechanical and Aerospace Engineering","","False","1","16","#0072B2","False",""
"mbryant","Matthew Bryant","College of Engineering","Mechanical and Aerospace Engineering","","False","1","130","#0072B2","False",""
"ajbirken","Adam Birkenheuer","College of Veterinary Medicine","Clinical Sciences","","False","7","97","#56B4E9","False",""
"efrissma","Emilie Rissman","College of Sciences","Biological Sciences","","False","3","47","#009E73","False",""
"jemeitze","John Meitzen","College of Sciences","Biological Sciences","","False","2","55","#009E73","False",""
"jjpawlak","Joel Pawlak","College of Natural Resources","Forest Biomaterials","","False","7","77","#9B59B6","False",""
"wlu2","Wenchang Lu","College of Sciences","Physics","","False","3","51","#009E73","False",""
"wguezas","Wesley Klewerton Guez Assuncao","College of Engineering","Computer Science","","False","1","113","#0072B2","False",""
"talong","Terri Long","College of Agriculture and Life Sciences","Plant and Microbial Biology","","False","1","38","#E69F00","False",""
"jllubisc","Jane Lubischer","College of Sciences","Biological Sciences","","False","1","8","#009E73","False",""
"yxiao34","Yi Xiao","College of Sciences","Chemistry","","False","9","83","#009E73","False",""
"jcbonner","James Bonner","College of Sciences","Biological Sciences","","False","1","48","#009E73","False",""
"jjohns24","Jeremiah Johnson","College of Engineering","Civil, Construction and Environmental Engineering","","False","1","69","#0072B2","False",""
"impeszle","Ilona Peszlen","College of Natural Resources","Forest Biomaterials","","False","3","31","#9B59B6","False",""
"jlburne5","Jennifer Burnette","College of Humanities and Social Sciences","Psychology","","False","4","88","#CC79A7","False",""
"rjb","Russell Borski","College of Sciences","Biological Sciences","","False","3","51","#009E73","False",""
"xxu","Xu Xu","College of Engineering","Edward P. Fitts Department of Industrial & Systems Engineering","","False","3","71","#0072B2","False",""
"lmitas","Lubos Mitas","College of Sciences","Physics","","False","5","80","#009E73","False",""
"acgurbuz","Ali Gurbuz","College of Engineering","Electrical and Computer Engineering","","False","4","136","#0072B2","False",""
"dsmurray","Seth Murray","College of Humanities and Social Sciences","Interdisciplinary Studies","","False","1","7","#CC79A7","False",""
"jredward","Jack Edwards","College of Engineering","Mechanical and Aerospace Engineering","","False","5","57","#0072B2","False",""
"fscholl","Frank Scholle","College of Sciences","Biological Sciences","","False","3","39","#009E73","False",""
"mvoynov","Maxim Voynov","College of Sciences","Chemistry","","False","4","45","#009E73","False",""
"rshamey","Renzo Shamey","Wilson College of Textiles","Textile Engineering, Chemistry and Science","","False","5","60","#1ABC9C","False",""
"wwang","Wenye Wang","College of Engineering","Electrical and Computer Engineering","","False","7","87","#0072B2","False",""
"coby","Coby Schal","College of Agriculture and Life Sciences","Entomology and Plant Pathology","","False","13","229","#E69F00","False",""
"rhhaefen","Roger von Haefen","College of Agriculture and Life Sciences","Agricultural and Resource Economics","","False","2","25","#E69F00","False",""
"gkharris","Gabriel Harris","College of Agriculture and Life Sciences","Food, Bioprocessing, and Nutrition Sciences","","False","1","16","#E69F00","False",""
"mdrake","MaryAnne Drake","College of Agriculture and Life Sciences","Food, Bioprocessing, and Nutrition Sciences","","False","16","264","#E69F00","False",""
"aschnet","Astrid Schnetzer","College of Sciences","Marine, Earth, and Atmospheric Sciences","","False","4","45","#009E73","False",""
"bsunderw","Benjamin Underwood","College of Engineering","Civil, Construction and Environmental Engineering","","False","5","175","#0072B2","False",""
"gcmclaug","Gail McLaughlin","College of Sciences","Physics","","False","2","95","#009E73","False",""
"jmdole","John Dole","College of Agriculture and Life Sciences","Horticultural Science","","False","2","81","#E69F00","False",""
"rrvatsav","Ranga Vatsavai","College of Engineering","Computer Science","","False","1","50","#0072B2","False",""
"hwsedero","Heike Inge Sederoff","College of Agriculture and Life Sciences","Plant and Microbial Biology","","False","3","48","#E69F00","False",""
"ytsuji","Yoshiaki Tsuji","College of Sciences","Biological Sciences","","False","2","30","#009E73","False",""
"efg","Ed Gehringer","College of Engineering","Computer Science","","False","3","101","#0072B2","False",""
"llfoster","Lori Foster","College of Humanities and Social Sciences","Psychology","","False","3","41","#CC79A7","False",""
"dricket","David Ricketts","College of Engineering","Electrical and Computer Engineering","","False","3","101","#0072B2","False",""
"dyeun","Do Young Eun","College of Engineering","Electrical and Computer Engineering","","False","3","41","#0072B2","False",""
"fmartin3","Florence Martin","College of Education","Teacher Education and Learning Sciences","","False","4","135","#D55E00","False",""
"tbenhor","Tal Ben-Horin","College of Veterinary Medicine","Clinical Sciences","","False","1","19","#56B4E9","False",""
"rsmith","Ralph Smith","College of Sciences","Mathematics","","False","4","107","#009E73","False",""
"xzheng","Xiaoyong Zheng","College of Agriculture and Life Sciences","Agricultural and Resource Economics","","False","2","36","#E69F00","False",""
"nmnascon","Nanette Nascone-Yoder","College of Veterinary Medicine","Molecular Biomedical Sciences","","False","3","34","#56B4E9","False",""
"szeng","Zhaobang Zeng","College of Agriculture and Life Sciences","Horticultural Science","","False","4","42","#E69F00","False",""
"tabirkla","Thomas Birkland","College of Humanities and Social Sciences","Political Science & Public Administration [in the School of Public and International Affairs]","","False","1","43","#CC79A7","False",""
"mrburche","Michael Burchell","College of Agriculture and Life Sciences","Biological and Agricultural Engineering","","False","1","42","#E69F00","False",""
"hong","Hoon Hong","College of Sciences","Mathematics","","False","1","53","#009E73","False",""
"dmfoster","Derek Foster","College of Veterinary Medicine","Population Health and Pathobiology","","False","1","70","#56B4E9","False",""
"kcmarsde","Kurt Marsden","College of Sciences","Biological Sciences","","False","1","29","#009E73","False",""
"kzering","Kelly Zering","College of Agriculture and Life Sciences","Agricultural and Resource Economics","","False","1","5","#E69F00","False",""
"jflevine","Jay Levine","College of Sciences","Marine, Earth, and Atmospheric Sciences","","False","2","50","#009E73","False",""
"prwestmo","Phil Westmoreland","College of Engineering","Chemical and Biomolecular Engineering","","False","5","69","#0072B2","False",""
"rchiech","Ryan Chiechi","College of Sciences","Chemistry","","False","1","132","#009E73","False",""
"grant","Christine Grant","College of Engineering","Chemical and Biomolecular Engineering","","False","1","11","#0072B2","False",""
"jpliu","Paul Liu","College of Sciences","Marine, Earth, and Atmospheric Sciences","","False","3","65","#009E73","False",""
"jnbocarr","Jason Bocarro","College of Natural Resources","Parks, Recreation and Tourism Management","","False","1","62","#9B59B6","False",""
"skim22","Sung Woo Kim","College of Agriculture and Life Sciences","Animal Science","","False","13","405","#E69F00","False",""
"drbohnen","DelWayne Bohnenstiehl","College of Sciences","Marine, Earth, and Atmospheric Sciences","","False","2","79","#009E73","False",""
"gcope","William Cope","College of Agriculture and Life Sciences","Applied Ecology","","False","5","99","#E69F00","False",""
"gpcruse","Glenn Cruse","College of Veterinary Medicine","Molecular Biomedical Sciences","","False","4","51","#56B4E9","False",""
"evheugte","Eric VanHeugten","College of Agriculture and Life Sciences","Animal Science","","False","4","43","#E69F00","False",""
"jcbegeny","John Begeny","College of Humanities and Social Sciences","Psychology","","False","2","56","#CC79A7","False",""
"jdong","Jingyan Dong","College of Engineering","Edward P. Fitts Department of Industrial & Systems Engineering","","False","4","110","#0072B2","False",""
"kdaniel","Karen Daniels","College of Sciences","Physics","","False","7","105","#009E73","False",""
"jjbaryck","Joe Barycki","College of Agriculture and Life Sciences","Molecular and Structural Biochemistry","","False","1","23","#E69F00","False",""
"mbfisher","Matthew Fisher","College of Engineering","Biomedical Engineering","","False","1","82","#0072B2","False",""
"snassar","Sylvia Nassar","College of Education","Educational Leadership, Policy, and Human Development","","False","2","32","#D55E00","False",""
"arabiei","Afsaneh Rabiei","College of Engineering","Mechanical and Aerospace Engineering","","False","2","94","#0072B2","False",""
"ecrisci","Elisa Crisci","College of Veterinary Medicine","Population Health and Pathobiology","","False","2","63","#56B4E9","False",""
"hdai","Huaiyu Dai","College of Engineering","Electrical and Computer Engineering","","False","5","202","#0072B2","False",""
"dljorda2","David Jordan","College of Agriculture and Life Sciences","Crop and Soil Sciences","","False","3","177","#E69F00","False",""
"crji","Chueng Ji","College of Sciences","Physics","","False","6","116","#009E73","False",""
"jljone21","Jacob Jones","College of Engineering","Materials Science and Engineering","","False","14","315","#0072B2","False",""
"elseekam","Erin Seekamp","College of Natural Resources","Parks, Recreation and Tourism Management","","False","2","88","#9B59B6","False",""
"jmdavis2","Jeanine Davis","College of Agriculture and Life Sciences","Horticultural Science","","False","2","21","#E69F00","False",""
"rmrejesu","Roderick Rejesus","College of Agriculture and Life Sciences","Agricultural and Resource Economics","","False","3","68","#E69F00","False",""
"ting","Siu-Man Ting","College of Education","Educational Leadership, Policy, and Human Development","","False","3","13","#D55E00","False",""
"eshim","Eunkyoung Shim","Wilson College of Textiles","Textile Engineering, Chemistry and Science","","False","3","48","#1ABC9C","False",""
"dbbuchwa","David Buchwalter","College of Sciences","Biological Sciences","","False","4","71","#009E73","False",""
"ooralka","Omer Oralkan","College of Engineering","Electrical and Computer Engineering","","False","10","161","#0072B2","False",""
"sbcraig","Bart Craig","College of Humanities and Social Sciences","Psychology","","False","1","14","#CC79A7","False",""
"cboi","Cristiana Boi","College of Engineering","Chemical and Biomolecular Engineering","","False","2","66","#0072B2","False",""
"aspnes","David Aspnes","College of Sciences","Physics","","False","8","69","#009E73","False",""
"avkuznet","Andrey Kuznetsov","College of Engineering","Mechanical and Aerospace Engineering","","False","34","283","#0072B2","False",""
"dazaharo","David Zaharoff","College of Engineering","Biomedical Engineering","","False","1","48","#0072B2","False",""
"mdschulm","Michael Schulman","College of Agriculture and Life Sciences","Agricultural and Human Sciences","","False","3","23","#E69F00","False",""
"ysaini","Yogesh Saini","College of Veterinary Medicine","Population Health and Pathobiology","","False","3","54","#56B4E9","False",""
"dfcall","Douglas Call","College of Engineering","Civil, Construction and Environmental Engineering","","False","4","63","#0072B2","False",""
"krwening","Keith Weninger","College of Sciences","Physics","","False","7","81","#009E73","False",""
"mmwillia","Mary Elting","College of Sciences","Physics","","False","1","30","#009E73","False",""
"tranney","Thomas Ranney","College of Agriculture and Life Sciences","Horticultural Science","","False","4","48","#E69F00","False",""
"cjdohert","Colleen Doherty","College of Agriculture and Life Sciences","Molecular and Structural Biochemistry","","False","1","50","#E69F00","False",""
"iakogan","Irina Kogan","College of Sciences","Mathematics","","False","1","22","#009E73","False",""
"sghosal","Subhashis Ghoshal","College of Sciences","Statistics","","False","1","51","#009E73","False",""
"dkaoumi","Djamel Kaoumi","College of Engineering","Nuclear Engineering","","False","1","84","#0072B2","False",""
"rjricha2","Robert Richardson","College of Agriculture and Life Sciences","Crop and Soil Sciences","","False","1","42","#E69F00","False",""
"mdlamber","Misty Lambert","College of Agriculture and Life Sciences","Agricultural and Human Sciences","","False","2","21","#E69F00","False",""
"cdelgad","Cesar Delgado","College of Education","Science, Technology, Engineering, & Mathematics Education","","False","1","38","#D55E00","False",""
"reirwin","Rebecca Irwin","College of Agriculture and Life Sciences","Applied Ecology","","False","3","135","#E69F00","False",""
"njolby","Natasha Olby","College of Veterinary Medicine","Clinical Sciences","","False","8","179","#56B4E9","False",""
"ahajbab","Ali Hajbabaie","College of Engineering","Civil, Construction and Environmental Engineering","","False","2","71","#0072B2","False",""
"cdguillu","Christophe Guilluy","College of Veterinary Medicine","Molecular Biomedical Sciences","","False","2","27","#56B4E9","False",""
"madiacon","Mihai Diaconeasa","College of Engineering","Nuclear Engineering","","False","1","117","#0072B2","False",""
"mmbooker","Matthew Booker","College of Humanities and Social Sciences","History","","False","1","17","#CC79A7","False",""
"knivanov","Kostadin Ivanov","College of Engineering","Nuclear Engineering","","False","4","107","#0072B2","False",""
"raghilad","Reza Ghiladi","College of Sciences","Chemistry","","False","5","97","#009E73","False",""
"anbryan2","Alyssa Rockenbach","College of Education","Educational Leadership, Policy, and Human Development","","False","2","59","#D55E00","False",""
"jwduggin","Jonathan Duggins","College of Sciences","Statistics","","False","1","3","#009E73","False",""
"ddavis6","Dennis Davis","College of Education","Teacher Education and Learning Sciences","","False","1","38","#D55E00","False",""
"laramir2","Alonso Ramirez","College of Agriculture and Life Sciences","Applied Ecology","","False","2","93","#E69F00","False",""
"yuan","Fuh-Gwo Yuan","College of Engineering","Mechanical and Aerospace Engineering","","False","5","153","#0072B2","False",""
"jtascenc","Trino Ascencio-Ibanez","College of Agriculture and Life Sciences","Molecular and Structural Biochemistry","","False","1","23","#E69F00","False",""
"gilmarti","David Gilmartin","College of Humanities and Social Sciences","History","","False","2","28","#CC79A7","False",""
"atbliksl","Anthony Blikslager","College of Veterinary Medicine","College of Veterinary Medicine Administration","","False","14","210","#56B4E9","False",""
"ipsen","Ilse Ipsen","College of Sciences","Mathematics","","False","5","64","#009E73","False",""
"mpourgh","Moe Pourghaz","College of Engineering","Civil, Construction and Environmental Engineering","","False","2","70","#0072B2","False",""
"pbiziko","Petra Bizikova","College of Veterinary Medicine","Clinical Sciences","","False","1","37","#56B4E9","False",""
"dlirving","Douglas Irving","College of Engineering","Materials Science and Engineering","","False","2","81","#0072B2","False",""
"jlintile","Joanne Intile","College of Veterinary Medicine","Clinical Sciences","","False","3","15","#56B4E9","False",""
"nreadin","Nathan Reading","College of Sciences","Mathematics","","False","3","45","#009E73","False",""
"iuroeder","Ian Roederer","College of Sciences","Physics","","False","3","129","#009E73","False",""
"pdumbach","Paul Umbach","College of Education","Educational Leadership, Policy, and Human Development","","False","1","24","#D55E00","False",""
"vaugust","Veronica Augustyn","College of Engineering","Materials Science and Engineering","","False","1","76","#0072B2","False",""
"enford","Ericka Ford","Wilson College of Textiles","Textile Engineering, Chemistry and Science","","False","1","32","#1ABC9C","False",""
"enicole","Elena Veety","College of Engineering","Electrical and Computer Engineering","","False","2","15","#0072B2","False",""
"zkli","Zane Li","College of Sciences","Mathematics","","False","1","17","#009E73","False",""
"davidian","Marie Davidian","College of Sciences","Statistics","","False","3","85","#009E73","False",""
"fedkiw","Peter Fedkiw","College of Engineering","Chemical and Biomolecular Engineering","","False","1","43","#0072B2","False",""
"klfelder","Kelly Oten","College of Natural Resources","Forestry and Environmental Resources","","False","1","20","#9B59B6","False",""
"fbreid","Frederick Breidt","College of Agriculture and Life Sciences","Food, Bioprocessing, and Nutrition Sciences","","False","3","47","#E69F00","False",""
"zpantic","Zeljko Pantic","College of Engineering","Electrical and Computer Engineering","","False","2","35","#0072B2","False",""
"clgordy","Claire Gordy","College of Sciences","Biological Sciences","","False","1","16","#009E73","False",""
"lezanno","Lindsay Zanno","College of Sciences","Biological Sciences","","False","4","77","#009E73","False",""
"mgerard","Mathew Gerard","College of Veterinary Medicine","Molecular Biomedical Sciences","","False","3","16","#56B4E9","False",""
"lacraig","Lee Craig","Poole College of Management","Economics","","False","2","23","#F0E442","False",""
"fawrigh2","Fred Wright","College of Sciences","Statistics","","False","3","120","#009E73","False",""
"jmhaugh","Jason Haugh","College of Engineering","Chemical and Biomolecular Engineering","","False","6","72","#0072B2","False",""
"lcolpog","Luke Gatiboni","College of Agriculture and Life Sciences","Crop and Soil Sciences","","False","1","121","#E69F00","False",""
"ngcosco","Nilda Cosco","College of Design","College of Design Administration","","False","2","20","#E74C3C","False",""
"mjstruet","Michael Struett","College of Humanities and Social Sciences","Political Science & Public Administration [in the School of Public and International Affairs]","","False","1","22","#CC79A7","False",""
"acfahren","Adam Fahrenholz","College of Agriculture and Life Sciences","Prestage Department of Poultry Science","","False","1","36","#E69F00","False",""
"jcollazo","Jaime Collazo","College of Agriculture and Life Sciences","Applied Ecology","","False","3","75","#E69F00","False",""
"agdean","Alexander Dean","College of Engineering","Electrical and Computer Engineering","","False","3","23","#0072B2","False",""
"narobins","Nicholas Robins","College of Humanities and Social Sciences","History","","False","1","10","#CC79A7","False",""
"munsal","Mithat Unsal","College of Sciences","Physics","","False","3","60","#009E73","False",""
"rjschwar","Roy Schwartzman","College of Humanities and Social Sciences","Communication","","False","1","17","#CC79A7","False",""
"bejin","Byoungho Jin","Wilson College of Textiles","Textile and Apparel, Technology and Management","","False","8","111","#1ABC9C","False",""
"cbgorman","Christopher Gorman","College of Sciences","Chemistry","","False","4","45","#009E73","False",""
"gblank","Gary Blank","College of Natural Resources","Forestry and Environmental Resources","","False","1","8","#9B59B6","False",""
"ajplanch","Antonio Planchart","College of Sciences","Biological Sciences","","False","1","29","#009E73","False",""
"rheinig","Ronnie Heiniger","College of Agriculture and Life Sciences","Crop and Soil Sciences","","False","2","29","#E69F00","False",""
"smbennet","Sharon Joines","College of Design","College of Design Administration","","False","2","23","#E74C3C","False",""
"jbrown","David Brown","College of Sciences","Physics","","False","1","21","#009E73","False",""
"lhe8","Lingfeng He","College of Engineering","Nuclear Engineering","","False","8","170","#0072B2","False",""
"kay","Michael Kay","College of Engineering","Edward P. Fitts Department of Industrial & Systems Engineering","","False","1","31","#0072B2","False",""
"tismirno","Tatyana Smirnova","College of Sciences","Chemistry","","False","3","52","#009E73","False",""
"gmkumar","Kumar Mahinthakumar","College of Engineering","Civil, Construction and Environmental Engineering","","False","6","71","#0072B2","False",""
"canson","Chris Anson","College of Humanities and Social Sciences","English","","False","1","53","#CC79A7","False",""
"pemozdzi","Paul Mozdziak","College of Agriculture and Life Sciences","Prestage Department of Poultry Science","","False","5","140","#E69F00","False",""
"jytzeng","Jung-Ying Tzeng","College of Sciences","Statistics","","False","3","65","#009E73","False",""
"lavillam","Lenin Villamizar Martinez","College of Veterinary Medicine","Clinical Sciences","","False","1","18","#56B4E9","False",""
"mgjones3","Gail Jones","College of Education","Science, Technology, Engineering, & Mathematics Education","","False","5","85","#D55E00","False",""
"kgundog","Kenan Gundogdu","College of Sciences","Physics","","False","1","87","#009E73","False",""
"cjohns26","Carla Johnson","College of Education","Science, Technology, Engineering, & Mathematics Education","","False","2","138","#D55E00","False",""
"jrbryan3","Jennifer Richmond-Bryant","College of Natural Resources","Forestry and Environmental Resources","","False","2","57","#9B59B6","False",""
"jjwierer","Jonathan Wierer","College of Engineering","Electrical and Computer Engineering","","False","2","73","#0072B2","False",""
"klstansb","Kim Stansbury","College of Humanities and Social Sciences","Social Work","","False","3","17","#CC79A7","False",""
"rsozzan","Rosangela Sozzani","College of Agriculture and Life Sciences","Plant and Microbial Biology","","False","2","87","#E69F00","False",""
"pcombet","Patrick Combettes","College of Sciences","Mathematics","","False","5","80","#009E73","False",""
"ssjeffri","Steph Jeffries","College of Natural Resources","Forestry and Environmental Resources","","False","1","3","#9B59B6","False",""
"jgookin","Jody Gookin","College of Veterinary Medicine","Clinical Sciences","","False","7","72","#56B4E9","False",""
"fmuelle","Frank Mueller","College of Engineering","Computer Science","","False","4","107","#0072B2","False",""
"aryoung","Albert Young","College of Sciences","Physics","","False","3","115","#009E73","False",""
"hdaniels","Harry Daniels","College of Agriculture and Life Sciences","Applied Ecology","","False","3","34","#E69F00","False",""
"ygyingli","Yaroslava Yingling","College of Engineering","Materials Science and Engineering","","False","5","140","#0072B2","False",""
"eztaylor","Eileen Taylor","Poole College of Management","Accounting","","False","1","27","#F0E442","False",""
"screberg","Chris Reberg-Horton","College of Agriculture and Life Sciences","Crop and Soil Sciences","","False","4","102","#E69F00","False",""
"kdange","Kimberly Ange-Van Heugten","College of Agriculture and Life Sciences","Animal Science","","False","2","48","#E69F00","False",""
"slsimon","Sindee Simon","College of Engineering","Chemical and Biomolecular Engineering","","False","5","98","#0072B2","False",""
"jslindse","Jonathan Lindsey","College of Sciences","Chemistry","","False","13","263","#009E73","False",""
"gnp","Gregory Parsons","College of Engineering","Chemical and Biomolecular Engineering","","False","5","241","#0072B2","False",""
"jlheitma","Josh Heitman","College of Agriculture and Life Sciences","Crop and Soil Sciences","","False","6","168","#E69F00","False",""
"vfellner","Vivek Fellner","College of Agriculture and Life Sciences","Animal Science","","False","2","44","#E69F00","False",""
"sarumug","Sankarasubramanian Arumugam","College of Engineering","Civil, Construction and Environmental Engineering","","False","8","115","#0072B2","False",""
"smpuryea","Stephen Puryear","College of Humanities and Social Sciences","Philosophy and Religious Studies","","False","1","22","#CC79A7","False",""
"cfrohli","Carla Frohlich","College of Sciences","Physics","","False","3","64","#009E73","False",""
"rwkays","Roland Kays","College of Natural Resources","Forestry and Environmental Resources","","False","6","225","#9B59B6","False",""
"kleonas","Karen Leonas","Wilson College of Textiles","Textile and Apparel, Technology and Management","","False","1","8","#1ABC9C","False",""
"jcbivins","Jason Bivins","College of Humanities and Social Sciences","Philosophy and Religious Studies","","False","2","13","#CC79A7","False",""
"n51nh301","William Adler","College of Humanities and Social Sciences","Philosophy and Religious Studies","","False","1","26","#CC79A7","False",""
"mwkudeno","Michael Kudenov","College of Engineering","Electrical and Computer Engineering","","False","3","120","#0072B2","False",""
"rgmaggi","Ricardo Maggi","College of Veterinary Medicine","Clinical Sciences","","False","10","149","#56B4E9","False",""
"bjreich","Brian Reich","College of Sciences","Statistics","","False","9","198","#009E73","False",""
"swkullma","Seth Kullman","College of Sciences","Biological Sciences","","False","2","70","#009E73","False",""
"yyazmy","Yousry Azmy","College of Engineering","Nuclear Engineering","","False","1","32","#0072B2","False",""
"jaforre3","Jodi Forrester","College of Natural Resources","Forestry and Environmental Resources","","False","2","41","#9B59B6","False",""
"richardv","Richard Venditti","College of Natural Resources","Forest Biomaterials","","False","7","200","#9B59B6","False",""
"twu19","Tianfu Wu","College of Engineering","Electrical and Computer Engineering","","False","1","53","#0072B2","False",""
"jlhavlin","John Havlin","College of Agriculture and Life Sciences","Crop and Soil Sciences","","False","3","18","#E69F00","False",""
"vgallagh","Victoria Gallagher","College of Humanities and Social Sciences","Communication","","False","1","20","#CC79A7","False",""
"jcheng3","Jay Cheng","College of Agriculture and Life Sciences","Biological and Agricultural Engineering","","False","5","91","#E69F00","False",""
"akota2","Arun Kumar Kota","College of Engineering","Mechanical and Aerospace Engineering","","False","2","64","#0072B2","False",""
"hwade","Harald Ade","College of Sciences","Physics","","False","9","385","#009E73","False",""
"dmberube","David Berube","College of Humanities and Social Sciences","Communication","","False","1","19","#CC79A7","False",""
"smsulli2","Seth Sullivant","College of Sciences","Mathematics","","False","3","65","#009E73","False",""
"nlu2","Ning Lu","College of Engineering","Electrical and Computer Engineering","","False","4","155","#0072B2","False",""
"rpendico","Ronald Endicott","College of Humanities and Social Sciences","Philosophy and Religious Studies","","False","2","7","#CC79A7","False",""
"jtking","Jason King","College of Engineering","Computer Science","","False","1","15","#0072B2","False",""
"dslalush","David Lalush","College of Engineering","Biomedical Engineering","","False","4","80","#0072B2","False",""
"kjschaff","Kristen Schaffer","College of Design","Architecture","","False","1","1","#E74C3C","False",""
"ebbreits","Edward Breitschwerdt","College of Veterinary Medicine","Clinical Sciences","","False","24","318","#56B4E9","False",""
"csayde","Chadi Sayde","College of Agriculture and Life Sciences","Biological and Agricultural Engineering","","False","3","25","#E69F00","False",""
"skomarn","Slavko Komarnytsky","College of Agriculture and Life Sciences","Kannapolis Research","","False","1","70","#E69F00","False",""
"rkmeente","Ross Meentemeyer","College of Natural Resources","Center for Geospatial Analytics","","False","7","127","#9B59B6","False",""
"mlsichit","Mihail Sichitiu","College of Engineering","Electrical and Computer Engineering","","False","3","64","#0072B2","False",""
"mnpeters","Nils Peterson","College of Natural Resources","Forestry and Environmental Resources","","False","3","130","#9B59B6","False",""
"dhhenard","David Henard","Poole College of Management","Marketing","","False","2","10","#F0E442","False",""
"hschmit2","Hans Peter Schmitz","College of Humanities and Social Sciences","Political Science & Public Administration [in the School of Public and International Affairs]","","False","2","38","#CC79A7","False",""
"jdcoggbu","Jerrell Coggburn","College of Humanities and Social Sciences","Political Science & Public Administration [in the School of Public and International Affairs]","","False","1","40","#CC79A7","False",""
"rhe","Ruoying He","College of Sciences","Marine, Earth, and Atmospheric Sciences","","False","6","126","#009E73","False",""
"cubbage","Frederick Cubbage","College of Natural Resources","Forestry and Environmental Resources","","False","6","115","#9B59B6","False",""
"lwwhite","Leonard White","College of Engineering","Future Renewable Electric Energy Delivery and Management Systems Center (The)","","False","1","4","#0072B2","False",""
"drtarpy","David Tarpy","College of Agriculture and Life Sciences","Applied Ecology","","False","4","117","#E69F00","False",""
"jabuckel","Jeffrey Buckel","College of Agriculture and Life Sciences","Applied Ecology","","False","2","87","#E69F00","False",""
"vukina","Tomislav Vukina","College of Agriculture and Life Sciences","Agricultural and Resource Economics","","False","2","25","#E69F00","False",""
"ruzsoy","Reha Uzsoy","College of Engineering","Edward P. Fitts Department of Industrial & Systems Engineering","","False","6","112","#0072B2","False",""
"kaunocic","Kinga Unocic","College of Engineering","Materials Science and Engineering","","False","6","160","#0072B2","False",""
"fncastel","Felix Castellano","College of Sciences","Chemistry","","False","11","241","#009E73","False",""
"lsgoodel","Suzie Goodell","College of Agriculture and Life Sciences","Food, Bioprocessing, and Nutrition Sciences","","False","1","65","#E69F00","False",""
"nccrook","Nathan Crook","College of Engineering","Chemical and Biomolecular Engineering","","False","1","54","#0072B2","False",""
"semusuli","Sarah Musulin","College of Veterinary Medicine","Clinical Sciences","","False","1","14","#56B4E9","False",""
"wyu2","Wensong Yu","College of Engineering","Future Renewable Electric Energy Delivery and Management Systems Center (The)","","False","1","75","#0072B2","False",""
"jklee","John Lee","College of Education","College of Education Administration","","False","1","18","#D55E00","False",""
"mdkoci","Matt Koci","College of Agriculture and Life Sciences","Prestage Department of Poultry Science","","False","2","47","#E69F00","False",""
"rjhurley","Ryan Hurley","College of Humanities and Social Sciences","Communication","","False","2","13","#CC79A7","False",""
"rmschoen","Regina Schoenfeld","College of Veterinary Medicine","Molecular Biomedical Sciences","","False","4","58","#56B4E9","False",""
"rslewis","Ramsey Lewis","College of Agriculture and Life Sciences","Crop and Soil Sciences","","False","3","76","#E69F00","False",""
"narayan","Jagdish Narayan","College of Engineering","Materials Science and Engineering","","False","15","257","#0072B2","False",""
"ryin","Rong Yin","Wilson College of Textiles","Textile Engineering, Chemistry and Science","","False","3","49","#1ABC9C","False",""
"aaysu","Aydin Aysu","College of Engineering","Electrical and Computer Engineering","","False","1","74","#0072B2","False",""
"rseraci","Rudi Seracino","College of Engineering","Civil, Construction and Environmental Engineering","","False","7","65","#0072B2","False",""
"dgruehn","Daniel Gruehn","College of Humanities and Social Sciences","Psychology","","False","3","19","#CC79A7","False",""
"gyang9","Ge Yang","College of Engineering","Nuclear Engineering","","False","6","93","#0072B2","False",""
"gngaile","Gracious Ngaile","College of Engineering","Mechanical and Aerospace Engineering","","False","3","58","#0072B2","False",""
"pdbradfo","Philip Bradford","Wilson College of Textiles","Textile Engineering, Chemistry and Science","","False","3","81","#1ABC9C","False",""
"ccgoller","Carlos Goller","College of Sciences","Biological Sciences","","False","3","66","#009E73","False",""
"dkotter","Dana Kotter-Gruehn","College of Humanities and Social Sciences","Psychology","","False","2","18","#CC79A7","False",""
"jayoder","Jeff Yoder","College of Sciences","Biological Sciences","","False","3","83","#009E73","False",""
"dzbaron","Dror Baron","College of Engineering","Electrical and Computer Engineering","","False","1","62","#0072B2","False",""
"spark","Sunkyu Park","College of Natural Resources","Forest Biomaterials","","False","2","139","#9B59B6","False",""
"wmrand","Bill Rand","Poole College of Management","Marketing","","False","2","49","#F0E442","False",""
"ejlobato","Edgar Lobaton","College of Engineering","Electrical and Computer Engineering","","False","4","109","#0072B2","False",""
"pcfyfe","Paul Fyfe","College of Humanities and Social Sciences","English","","False","1","24","#CC79A7","False",""
"cmroland","Christopher Roland","College of Sciences","Physics","","False","4","49","#009E73","False",""
"jcdietri","Casey Dietrich","College of Engineering","Civil, Construction and Environmental Engineering","","False","1","47","#0072B2","False",""
"japiedra","Jorge Piedrahita","College of Veterinary Medicine","Molecular Biomedical Sciences","","False","6","75","#56B4E9","False",""
"acdon","Donald Pagach","Poole College of Management","Accounting","","False","1","12","#F0E442","False",""
"apapani","Andrew Papanicolaou","College of Sciences","Mathematics","","False","1","28","#009E73","False",""
"kwk","Ki Kim","College of Engineering","Electrical and Computer Engineering","","False","11","107","#0072B2","False",""
"nsui","Ning Sui","College of Agriculture and Life Sciences","Molecular and Structural Biochemistry","","False","1","11","#E69F00","False",""
"jkwesp","Julie Wesp","College of Humanities and Social Sciences","Sociology and Anthropology","","False","1","13","#CC79A7","False",""
"jtuck","James Tuck","College of Engineering","Electrical and Computer Engineering","","False","2","45","#0072B2","False",""
"smenega","Stefano Menegatti","College of Engineering","Chemical and Biomolecular Engineering","","False","1","115","#0072B2","False",""
"hdakroyd","Duane Akroyd","College of Education","Educational Leadership, Policy, and Human Development","","False","1","6","#D55E00","False",""
"tran","Hien Tran","College of Sciences","Mathematics","","False","3","62","#009E73","False",""
"kito","Kazufumi Ito","College of Sciences","Mathematics","","False","3","69","#009E73","False",""
"rmdodswo","Robin Dodsworth","College of Humanities and Social Sciences","English","","False","1","26","#CC79A7","False",""
"rblanger","Brian Langerhans","College of Sciences","Biological Sciences","","False","1","49","#009E73","False",""
"jliu38","Jun Liu","College of Engineering","Mechanical and Aerospace Engineering","","False","3","73","#0072B2","False",""
"dmnielse","Dahlia Nielsen","College of Sciences","Biological Sciences","","False","1","24","#009E73","False",""
"icarbon","Ignazio Carbone","College of Agriculture and Life Sciences","Entomology and Plant Pathology","","False","2","89","#E69F00","False",""
"mtchu","Moody Chu","College of Sciences","Mathematics","","False","2","48","#009E73","False",""
"srmilla","Susana Milla-Lewis","College of Agriculture and Life Sciences","Crop and Soil Sciences","","False","3","78","#E69F00","False",""
"tmschaef","Thomas Schaefer","College of Sciences","Physics","","False","4","91","#009E73","False",""
"wekrause","Wendy Krause","Wilson College of Textiles","Textile Engineering, Chemistry and Science","","False","4","29","#1ABC9C","False",""
"lgtateos","Laura Tateosian","College of Natural Resources","Center for Geospatial Analytics","","False","1","22","#9B59B6","False",""
"khan","Saad Khan","College of Engineering","Chemical and Biomolecular Engineering","","False","9","178","#0072B2","False",""
"rdutta","Rudra Dutta","College of Engineering","Computer Science","","False","7","74","#0072B2","False",""
"fli5","Fanxing Li","College of Engineering","Chemical and Biomolecular Engineering","","False","8","170","#0072B2","False",""
"tvreid","Traciel Reid","College of Humanities and Social Sciences","Political Science & Public Administration [in the School of Public and International Affairs]","","False","1","1","#CC79A7","False",""
"xgu","Xiaohui Gu","College of Engineering","Computer Science","","False","1","33","#0072B2","False",""
"jminogu","James Minogue","College of Education","Teacher Education and Learning Sciences","","False","2","23","#D55E00","False",""
"mdparker","Matthew Parker","College of Sciences","Marine, Earth, and Atmospheric Sciences","","False","5","64","#009E73","False",""
"msmorril","Melinda Morrill","Poole College of Management","Economics","","False","3","37","#F0E442","False",""
"mecoope3","Matthew Cooper","College of Engineering","Chemical and Biomolecular Engineering","","False","1","25","#0072B2","False",""
"dpgenere","David Genereux","College of Sciences","Marine, Earth, and Atmospheric Sciences","","False","2","40","#009E73","False",""
"rrkulkar","Ravi Kulkarni","College of Veterinary Medicine","Population Health and Pathobiology","","False","3","62","#56B4E9","False",""
"djhanson","Dana Hanson","College of Agriculture and Life Sciences","Food, Bioprocessing, and Nutrition Sciences","","False","1","15","#E69F00","False",""
"gbuckner","Gregory Buckner","College of Engineering","Mechanical and Aerospace Engineering","","False","3","67","#0072B2","False",""
"gvalacc","Giuseppe Valacchi","College of Agriculture and Life Sciences","Kannapolis Research","","False","3","248","#E69F00","False",""
"kowalsky","Mervyn Kowalsky","College of Engineering","Civil, Construction and Environmental Engineering","","False","5","71","#0072B2","False",""
"paulf","Paul Franzon","College of Engineering","Electrical and Computer Engineering","","False","8","194","#0072B2","False",""
"tlstinso","Timothy Stinson","College of Humanities and Social Sciences","English","","False","2","12","#CC79A7","False",""
"amaity","Arnab Maity","College of Sciences","Statistics","","False","4","75","#009E73","False",""
"dgkamper","Derek Kamper","College of Engineering","Biomedical Engineering","","False","3","53","#0072B2","False",""
"mcaner","Mehmet Caner","Poole College of Management","Economics","","False","3","24","#F0E442","False",""
"tmharri7","Tara Harrison","College of Veterinary Medicine","Clinical Sciences","","False","3","63","#56B4E9","False",""
"tmbarnes","Tiffany Barnes","College of Engineering","Computer Science","","False","12","173","#0072B2","False",""
"ajkeung","Albert Keung","College of Engineering","Chemical and Biomolecular Engineering","","False","5","54","#0072B2","False",""
"bmasmith","Charles Smith","College of Sciences","Statistics","","False","1","13","#009E73","False",""
"galewbar","Gregory Lewbart","College of Veterinary Medicine","Clinical Sciences","","False","3","160","#56B4E9","False",""
"thinton","Timothy Hinton","College of Humanities and Social Sciences","Philosophy and Religious Studies","","False","1","14","#CC79A7","False",""
"yslee","Yuan-Shin Lee","College of Engineering","Edward P. Fitts Department of Industrial & Systems Engineering","","False","5","52","#0072B2","False",""
"bafloyd","Brian Floyd","College of Engineering","Electrical and Computer Engineering","","False","7","102","#0072B2","False",""
"clanzas","Cristina Lanzas","College of Veterinary Medicine","Population Health and Pathobiology","","False","2","79","#56B4E9","False",""
"dosmond","Deanna Osmond","College of Agriculture and Life Sciences","Crop and Soil Sciences","","False","6","89","#E69F00","False",""
"jodle","Jack Odle","College of Agriculture and Life Sciences","Animal Science","","False","7","158","#E69F00","False",""
"jmpolla3","Jeffrey Pollack","Poole College of Management","Management, Innovation and Entrepreneurship","","False","4","91","#F0E442","False",""
"dsun4","Dali Sun","College of Sciences","Physics","","False","2","88","#009E73","False",""
"qwei3","Qingshan Wei","College of Engineering","Chemical and Biomolecular Engineering","","False","6","97","#0072B2","False",""
"wdavis","William Davis","College of Engineering","Electrical and Computer Engineering","","False","7","66","#0072B2","False",""
"madesouc","Michaela DeSoucey","College of Humanities and Social Sciences","Sociology and Anthropology","","False","3","29","#CC79A7","False",""
"jhkelley","John Kelley","College of Sciences","Physics","","False","5","74","#009E73","False",""
"jrknowle","Jim Knowles","College of Humanities and Social Sciences","English","","False","1","4","#CC79A7","False",""
"owduckwo","Owen Duckworth","College of Agriculture and Life Sciences","Crop and Soil Sciences","","False","2","83","#E69F00","False",""
"ebeltra2","Eduardo Beltranena","College of Agriculture and Life Sciences","Animal Science","","False","7","122","#E69F00","False",""
"blnowell","Branda Nowell","College of Humanities and Social Sciences","Political Science & Public Administration [in the School of Public and International Affairs]","","False","4","46","#CC79A7","False",""
"dmkearns","Devin Kearns","College of Education","Teacher Education and Learning Sciences","","False","1","57","#D55E00","False",""
"sagui","Celeste Sagui","College of Sciences","Physics","","False","5","58","#009E73","False",""
"jdbohlma","Jonathan Bohlmann","Poole College of Management","Marketing","","False","1","12","#F0E442","False",""
"sorenson","Clyde Sorenson","College of Agriculture and Life Sciences","Entomology and Plant Pathology","","False","2","39","#E69F00","False",""
"bjreadin","Benjamin Reading","College of Agriculture and Life Sciences","Applied Ecology","","False","2","58","#E69F00","False",""
"hwang18","Hong Wang","College of Sciences","Physics","","False","2","48","#009E73","False",""
"pojiamb","Peter Ojiambo","College of Agriculture and Life Sciences","Entomology and Plant Pathology","","False","7","93","#E69F00","False",""
"rasdorf","William Rasdorf","College of Engineering","Civil, Construction and Environmental Engineering","","False","5","77","#0072B2","False",""
"lwang5","Lingjuan Li","College of Agriculture and Life Sciences","Biological and Agricultural Engineering","","False","2","51","#E69F00","False",""
"wfhunt","William Hunt","College of Agriculture and Life Sciences","Biological and Agricultural Engineering","","False","32","234","#E69F00","False",""
"hvtafres","Hooman Tafreshi","College of Engineering","Mechanical and Aerospace Engineering","","False","8","150","#0072B2","False",""
"birgand","Francois Birgand","College of Agriculture and Life Sciences","Biological and Agricultural Engineering","","False","3","69","#E69F00","False",""
"bwiegman","Brian Wiegmann","College of Agriculture and Life Sciences","Entomology and Plant Pathology","","False","5","66","#E69F00","False",""
"rkgupta2","Rajeev Gupta","College of Engineering","Materials Science and Engineering","","False","3","127","#0072B2","False",""
"eooviedo","Edgar Oviedo-Rondon","College of Agriculture and Life Sciences","Prestage Department of Poultry Science","","False","3","91","#E69F00","False",""
"jgenzer","Jan Genzer","College of Engineering","Chemical and Biomolecular Engineering","","False","13","233","#0072B2","False",""
"kstapel","Katharina Stapelmann","College of Engineering","Nuclear Engineering","","False","3","88","#0072B2","False",""
"magrimme","Marc Grimmett","College of Education","Educational Leadership, Policy, and Human Development","","False","2","11","#D55E00","False",""
"mpsingh","Munindar Singh","College of Engineering","Computer Science","","False","14","230","#0072B2","False",""
"bernholc","Jerzy Bernholc","College of Sciences","Physics","","False","7","79","#009E73","False",""
"jlreaser","Jeffrey Reaser","College of Humanities and Social Sciences","English","","False","2","24","#CC79A7","False",""
"jfeng2","Jing Feng","College of Humanities and Social Sciences","Psychology","","False","1","41","#CC79A7","False",""
"hsgill2","Harvinder Gill","College of Engineering","Chemical and Biomolecular Engineering","","False","3","83","#0072B2","False",""
"gconant","Gavin Conant","College of Sciences","Biological Sciences","","False","2","80","#009E73","False",""
"tpang","Tao Pang","College of Sciences","Mathematics","","False","1","37","#009E73","False",""
"jvveliad","Victor Veliadis","College of Engineering","Electrical and Computer Engineering","","False","4","93","#0072B2","False",""
"murty","Korukonda Murty","College of Engineering","Nuclear Engineering","","False","9","113","#0072B2","False",""
"lcvanlan","Laurianne Van Landeghem","College of Veterinary Medicine","Molecular Biomedical Sciences","","False","1","29","#56B4E9","False",""
"yzhu7","Yong Zhu","College of Engineering","Mechanical and Aerospace Engineering","","False","4","214","#0072B2","False",""
"thassan","Tasnim Hassan","College of Engineering","Civil, Construction and Environmental Engineering","","False","1","71","#0072B2","False",""
"xjjeng","Xinge Jeng","College of Sciences","Statistics","","False","1","24","#009E73","False",""
"jwhiteh2","Justin Whitehill","College of Natural Resources","Forestry and Environmental Resources","","False","1","28","#9B59B6","False",""
"skais","Sabre Kais","College of Engineering","Electrical and Computer Engineering","","False","2","142","#0072B2","False",""
"jdyoung2","Jessica Young Schmidt","College of Engineering","Computer Science","","False","3","9","#0072B2","False",""
"spark26","Soonhye Park","College of Education","Science, Technology, Engineering, & Mathematics Education","","False","3","54","#D55E00","False",""
"vnaraya3","Venkateswaran Narayanaswamy","College of Engineering","Mechanical and Aerospace Engineering","","False","3","93","#0072B2","False",""
"cmbyrd3","Christy Byrd","College of Education","Teacher Education and Learning Sciences","","False","1","40","#D55E00","False",""
"rebaynes","Ronald Baynes","College of Veterinary Medicine","Population Health and Pathobiology","","False","2","131","#56B4E9","False",""
"mscastil","Miguel Castillo","College of Agriculture and Life Sciences","Crop and Soil Sciences","","False","2","48","#E69F00","False",""
"hluo2","Hong Luo","College of Engineering","Mechanical and Aerospace Engineering","","False","4","52","#0072B2","False",""
"idiazmu","Ilenys Perez Diaz","College of Agriculture and Life Sciences","Food, Bioprocessing, and Nutrition Sciences","","False","2","38","#E69F00","False",""
"rtian2","Renran Tian","College of Engineering","Edward P. Fitts Department of Industrial & Systems Engineering","","False","2","57","#0072B2","False",""
"sgallen","Steven Allen","Poole College of Management","Economics","","False","1","8","#F0E442","False",""
"jyin8","Jie Yin","College of Engineering","Mechanical and Aerospace Engineering","","False","1","85","#0072B2","False",""
"zhilin","Zhilin Li","College of Sciences","Mathematics","","False","3","111","#009E73","False",""
"bdhansen","Bernie Hansen","College of Veterinary Medicine","Clinical Sciences","","False","4","37","#56B4E9","False",""
"hsheese","H  Sebastian Heese","Poole College of Management","Information Technology, Analytics, & Operations","","False","4","49","#F0E442","False",""
"jaosborn","Jason Osborne","College of Sciences","Statistics","","False","6","80","#009E73","False",""
"rpaerl","Ryan Paerl","College of Sciences","Marine, Earth, and Atmospheric Sciences","","False","2","32","#009E73","False",""
"aanevzor","Alexander Nevzorov","College of Sciences","Chemistry","","False","1","42","#009E73","False",""
"gary","Gary Lackmann","College of Sciences","Marine, Earth, and Atmospheric Sciences","","False","2","65","#009E73","False",""
"sitar","Zlatko Sitar","College of Engineering","Materials Science and Engineering","","False","7","226","#0072B2","False",""
"amwisema","Angela Wiseman","College of Education","Teacher Education and Learning Sciences","","False","1","22","#D55E00","False",""
"glmille3","Grady Miller","College of Agriculture and Life Sciences","Crop and Soil Sciences","","False","5","66","#E69F00","False",""
"csdepern","Christopher DePerno","College of Natural Resources","Forestry and Environmental Resources","","False","2","135","#9B59B6","False",""
"mbgoshe","Michael Goshe","College of Agriculture and Life Sciences","Molecular and Structural Biochemistry","","False","4","46","#E69F00","False",""
"jryu","Jong Eun Ryu","College of Engineering","Mechanical and Aerospace Engineering","","False","9","89","#0072B2","False",""
"cjohns28","Corey Johnson","College of Natural Resources","Parks, Recreation and Tourism Management","","False","2","92","#9B59B6","False",""
"fjlouws","Frank Louws","College of Agriculture and Life Sciences","Horticultural Science","","False","3","89","#E69F00","False",""
"smlukic","Srdjan Lukic","College of Engineering","Electrical and Computer Engineering","","False","6","107","#0072B2","False",""
"aaiyyer","Anantha Aiyyer","College of Sciences","Marine, Earth, and Atmospheric Sciences","","False","2","44","#009E73","False",""
"jdbloom","Dara Bloom","College of Agriculture and Life Sciences","Agricultural and Human Sciences","","False","2","26","#E69F00","False",""
"baquroll","Barbara Qurollo","College of Veterinary Medicine","Clinical Sciences","","False","2","48","#56B4E9","False",""
"gflist","George List","College of Engineering","Civil, Construction and Environmental Engineering","","False","3","65","#0072B2","False",""
"vlindsa","Vincent Lindsay","College of Sciences","Chemistry","","False","1","51","#009E73","False",""
"paestes","Patricia Estes","College of Sciences","Biological Sciences","","False","1","1","#009E73","False",""
"jcallair","Jason Allaire","College of Humanities and Social Sciences","Psychology","","False","3","54","#CC79A7","False",""
"mgonza22","Maru Gonzalez","College of Agriculture and Life Sciences","Agricultural and Human Sciences","","False","1","21","#E69F00","False",""
"amgrunde","Amy Grunden","College of Agriculture and Life Sciences","North Carolina Agricultural Research Service","","False","3","60","#E69F00","False",""
"vawust","Valerie Lambert","College of Humanities and Social Sciences","World Languages and Cultures","","False","1","2","#CC79A7","False",""
"jgpierce","Joshua Pierce","College of Sciences","Chemistry","","False","1","71","#009E73","False",""
"mmuller2","Marie Muller","College of Engineering","Mechanical and Aerospace Engineering","","False","1","51","#0072B2","False",""
"wjasper","Warren Jasper","Wilson College of Textiles","Textile Engineering, Chemistry and Science","","False","4","33","#1ABC9C","False",""
"msuh2","Minyoung Suh","Wilson College of Textiles","Textile and Apparel, Technology and Management","","False","2","28","#1ABC9C","False",""
"bwhipker","Brian Whipker","College of Agriculture and Life Sciences","Horticultural Science","","False","1","62","#E69F00","False",""
"slin23","Shih-Chun Lin","College of Engineering","Electrical and Computer Engineering","","False","1","60","#0072B2","False",""
"bwbeeler","Benjamin Beeler","College of Engineering","Nuclear Engineering","","False","1","63","#0072B2","False",""
"njmoore3","Nancy Moore","College of Engineering","Mechanical and Aerospace Engineering","","False","1","7","#0072B2","False",""
"misra","Kailash Misra","College of Sciences","Mathematics","","False","3","40","#009E73","False",""
"liclarke","Laura Clarke","College of Sciences","Physics","","False","3","37","#009E73","False",""
"mjscott3","Maxwell Scott","College of Agriculture and Life Sciences","Entomology and Plant Pathology","","False","5","82","#E69F00","False",""
"efimenko","Kirill Efimenko","College of Engineering","Chemical and Biomolecular Engineering","","False","2","45","#0072B2","False",""
"sgaddam4","Shobhan Gaddameedhi","College of Sciences","Biological Sciences","","False","2","52","#009E73","False",""
"lmneal2","Luke Neal","College of Engineering","Chemical and Biomolecular Engineering","","False","3","49","#0072B2","False",""
"mkatti","Madhusudan Katti","College of Humanities and Social Sciences","Interdisciplinary Studies","","False","2","41","#CC79A7","False",""
"bspace","Brian Space","College of Sciences","Chemistry","","False","3","131","#009E73","False",""
"jbtracy","Joseph Tracy","College of Engineering","Materials Science and Engineering","","False","3","88","#0072B2","False",""
"avsaveli","Alexei Saveliev","College of Engineering","Mechanical and Aerospace Engineering","","False","6","45","#0072B2","False",""
"eadenhar","Emiel Den Hartog","Wilson College of Textiles","Textile Engineering, Chemistry and Science","","False","3","71","#1ABC9C","False",""
"rhernan2","Raquel Hernandez","College of Agriculture and Life Sciences","Molecular and Structural Biochemistry","","False","6","31","#E69F00","False",""
"jeapen","Jacob Eapen","College of Engineering","Nuclear Engineering","","False","1","30","#0072B2","False",""
"jahoppin","Jane Hoppin","College of Sciences","Biological Sciences","","False","13","205","#009E73","False",""
"ahjhala","Arnav Jhala","College of Engineering","Computer Science","","False","4","42","#0072B2","False",""
"hhuang11","He Huang","College of Engineering","Biomedical Engineering","","False","6","216","#0072B2","False",""
"lmgonza4","Liara Gonzalez","College of Veterinary Medicine","Clinical Sciences","","False","1","48","#56B4E9","False",""
"hmitaso","Helena Mitasova","College of Sciences","Marine, Earth, and Atmospheric Sciences","","False","4","95","#009E73","False",""
"mmfarazm","Mohammad Farazmand","College of Sciences","Mathematics","","False","1","44","#009E73","False",""
"klmarti3","Katie Martin","College of Natural Resources","Forestry and Environmental Resources","","False","1","30","#9B59B6","False",""
"dxlascel","Duncan Lascelles","College of Veterinary Medicine","Clinical Sciences","","False","18","226","#56B4E9","False",""
"akaprav","Alexandros Kapravelos","College of Engineering","Computer Science","","False","1","25","#0072B2","False",""
"mbreen3","Matthew Breen","College of Veterinary Medicine","Molecular Biomedical Sciences","","False","3","123","#56B4E9","False",""
"lyons","Kevin Lyons","College of Engineering","Mechanical and Aerospace Engineering","","False","4","24","#0072B2","False",""
"lubkin","Sharon Lubkin","College of Sciences","Mathematics","","False","1","32","#009E73","False",""
"hmhassan","Hosni Hassan","College of Agriculture and Life Sciences","Prestage Department of Poultry Science","","False","3","34","#E69F00","False",""
"kakosenk","Kama Kosenko","College of Humanities and Social Sciences","Communication","","False","2","30","#CC79A7","False",""
"rgfranks","Robert Franks","College of Agriculture and Life Sciences","Plant and Microbial Biology","","False","2","34","#E69F00","False",""
"ksjayara","Koralalage Jayaratne","College of Agriculture and Life Sciences","Agricultural and Human Sciences","","False","3","20","#E69F00","False",""
"xshen5","Xipeng Shen","College of Engineering","Computer Science","","False","8","160","#0072B2","False",""
"fathi","Yahya Fathi","College of Engineering","Edward P. Fitts Department of Industrial & Systems Engineering","","False","3","25","#0072B2","False",""
"dasalvi","Deepti Salvi","College of Agriculture and Life Sciences","Food, Bioprocessing, and Nutrition Sciences","","False","2","50","#E69F00","False",""
"ahross","Ann Ross","College of Sciences","Biological Sciences","","False","5","78","#009E73","False",""
"ekyoungs","Elsa Youngsteadt","College of Agriculture and Life Sciences","Applied Ecology","","False","1","45","#E69F00","False",""
"mgpapich","Mark Papich","College of Veterinary Medicine","Molecular Biomedical Sciences","","False","15","247","#56B4E9","False",""
"jccarr","Jon Carr","Poole College of Management","Management, Innovation and Entrepreneurship","","False","2","30","#F0E442","False",""
"ahk","Hamid Krim","College of Engineering","Electrical and Computer Engineering","","False","7","135","#0072B2","False",""
"memayorg","Maria Mayorga","College of Engineering","Engineering Research","","False","2","85","#0072B2","False",""
"smbelch2","Scott Belcher","College of Sciences","Biological Sciences","","False","3","69","#009E73","False",""
"ajjaeger","Audrey Jaeger","College of Education","Educational Leadership, Policy, and Human Development","","False","2","42","#D55E00","False",""
"ikalnin","Ilze Kalnina","Poole College of Management","Economics","","False","1","8","#F0E442","False",""
"mlcherr2","Megan Cherry","College of Humanities and Social Sciences","History","","False","1","1","#CC79A7","False",""
"rhernan4","Ricardo Hernandez","College of Agriculture and Life Sciences","Horticultural Science","","False","1","41","#E69F00","False",""
"jonr","Jonathan Schultheis","College of Agriculture and Life Sciences","Horticultural Science","","False","5","61","#E69F00","False",""
"rllongla","Richard Longland","College of Sciences","Physics","","False","9","72","#009E73","False",""
"tsmorril","Thayer Morrill","Poole College of Management","Economics","","False","2","24","#F0E442","False",""
"rjanaki","Ram Janakiraman","Poole College of Management","Marketing","","False","2","29","#F0E442","False",""
"assuryaw","Amol Suryawanshi","College of Veterinary Medicine","Population Health and Pathobiology","","False","2","52","#56B4E9","False",""
"claplan","Caroline Laplante","College of Veterinary Medicine","Molecular Biomedical Sciences","","False","1","20","#56B4E9","False",""
"sshasha2","Sara Shashaani","College of Engineering","Edward P. Fitts Department of Industrial & Systems Engineering","","False","1","36","#0072B2","False",""
"xwang97","Xiaoqiu Wang","College of Agriculture and Life Sciences","Animal Science","","False","1","52","#E69F00","False",""
"mroe","R  Michael Roe","College of Agriculture and Life Sciences","Entomology and Plant Pathology","","False","4","75","#E69F00","False",""
"xli24","Xu Li","College of Agriculture and Life Sciences","Plant and Microbial Biology","","False","5","38","#E69F00","False",""
"ragupta","Rachana Gupta","College of Engineering","Electrical and Computer Engineering","","False","2","17","#0072B2","False",""
"cpmorris","Cassie Lilly","College of Sciences","Chemistry","","False","2","13","#009E73","False",""
"macowley","Michael Cowley","College of Sciences","Biological Sciences","","False","1","30","#009E73","False",""
"classen","John Classen","College of Agriculture and Life Sciences","Biological and Agricultural Engineering","","False","1","40","#E69F00","False",""
"smcoster","Stacy DeCoster","College of Humanities and Social Sciences","Sociology and Anthropology","","False","3","29","#CC79A7","False",""
"ktefft","Karen Tefft","College of Veterinary Medicine","Clinical Sciences","","False","1","6","#56B4E9","False",""
"rychirko","Rada Chirkova","College of Engineering","Computer Science","","False","1","35","#0072B2","False",""
"blkirkma","Bradley Kirkman","Poole College of Management","Management, Innovation and Entrepreneurship","","False","4","76","#F0E442","False",""
"jducoste","Joel Ducoste","College of Engineering","Engineering Research","","False","4","93","#0072B2","False",""
"kanderso","Kenneth Anderson","College of Agriculture and Life Sciences","Prestage Department of Poultry Science","","False","8","107","#E69F00","False",""
"sheber","Steffen Heber","College of Engineering","Computer Science","","False","2","24","#0072B2","False",""
"ddreisig","Dominic Reisig","College of Agriculture and Life Sciences","Entomology and Plant Pathology","","False","6","186","#E69F00","False",""
"gabr","Mohammed Gabr","College of Engineering","Civil, Construction and Environmental Engineering","","False","2","124","#0072B2","False",""
"awhitfi","Anna Whitfield","College of Agriculture and Life Sciences","Entomology and Plant Pathology","","False","1","110","#E69F00","False",""
"mrhyman","Michael Hyman","College of Agriculture and Life Sciences","Plant and Microbial Biology","","False","1","34","#E69F00","False",""
"bmmorten","Brina Montoya","College of Engineering","Civil, Construction and Environmental Engineering","","False","1","105","#0072B2","False",""
"mastanko","Michael Stanko","Poole College of Management","Marketing","","False","1","17","#F0E442","False",""
"eaison","Elon Ison","College of Sciences","Chemistry","","False","1","49","#009E73","False",""
"tghashg","Troy Ghashghaei","College of Veterinary Medicine","Molecular Biomedical Sciences","","False","2","45","#56B4E9","False",""
"mmpop","Margareta Thomson","College of Education","Teacher Education and Learning Sciences","","False","1","28","#D55E00","False",""
"krmunana","Karen Munana","College of Veterinary Medicine","Clinical Sciences","","False","3","69","#56B4E9","False",""
"sdneuper","Shevaun Neupert","College of Humanities and Social Sciences","Psychology","","False","2","105","#CC79A7","False",""
"vskokov","Vladimir Skokov","College of Sciences","Physics","","False","17","222","#009E73","False",""
"martinjd","James Martin","College of Sciences","Chemistry","","False","3","46","#009E73","False",""
"jlsnowde","Joy Little","College of Sciences","Biological Sciences","","False","1","16","#009E73","False",""
"lvschnab","Lauren Schnabel","College of Veterinary Medicine","Clinical Sciences","","False","4","102","#56B4E9","False",""
"jsbaker4","Justin Baker","College of Natural Resources","Forestry and Environmental Resources","","False","1","84","#9B59B6","False",""
"peaveret","Paige Averett","College of Humanities and Social Sciences","Social Work","","False","2","53","#CC79A7","False",""
"xilin","Lin Xi","College of Agriculture and Life Sciences","Animal Science","","False","4","121","#E69F00","False",""
"jastern","Joshua Stern","College of Veterinary Medicine","College of Veterinary Medicine Administration","","False","2","149","#56B4E9","False",""
"mlardons","Marcelo Ardon","College of Natural Resources","Forestry and Environmental Resources","","False","2","67","#9B59B6","False",""
"hzhou","Huiyang Zhou","College of Engineering","Electrical and Computer Engineering","","False","5","86","#0072B2","False",""
"mddickey","Michael Dickey","College of Engineering","Chemical and Biomolecular Engineering","","False","5","320","#0072B2","False",""
"tjpandol","Tamara Pandolfo","College of Natural Resources","Forestry and Environmental Resources","","False","1","13","#9B59B6","False",""
"fmeille","Flora Meilleur","College of Agriculture and Life Sciences","Molecular and Structural Biochemistry","","False","3","90","#E69F00","False",""
"anveleva","Anka Veleva","College of Engineering","Biomedical Engineering","","False","1","10","#0072B2","False",""
"ardequei","Anderson de Queiroz","College of Engineering","Civil, Construction and Environmental Engineering","","False","2","64","#0072B2","False",""
"dcdorman","David Dorman","College of Veterinary Medicine","Molecular Biomedical Sciences","","False","2","91","#56B4E9","False",""
"wlu4","Wenbin Lu","College of Sciences","Statistics","","False","8","111","#009E73","False",""
"caharms","Craig Harms","College of Veterinary Medicine","Clinical Sciences","","False","5","147","#56B4E9","False",""
"svincent","Steven Vincent","College of Humanities and Social Sciences","History","","False","1","29","#CC79A7","False",""
"fwu","Fen Wu","College of Engineering","Mechanical and Aerospace Engineering","","False","5","137","#0072B2","False",""
"cbaker5","Christa Baker","College of Sciences","Biological Sciences","","False","3","17","#009E73","False",""
"awmeade","Adam Meade","College of Humanities and Social Sciences","Psychology","","False","5","50","#CC79A7","False",""
"zsbrown2","Zachary Brown","College of Agriculture and Life Sciences","Agricultural and Resource Economics","","False","1","45","#E69F00","False",""
"mayousse","Mohamed Youssef","College of Agriculture and Life Sciences","Biological and Agricultural Engineering","","False","1","72","#E69F00","False",""
"lkbradle","Lucy Bradley","College of Agriculture and Life Sciences","Horticultural Science","","False","3","18","#E69F00","False",""
"lwdavis","Lynn Worley-Davis","College of Agriculture and Life Sciences","Prestage Department of Poultry Science","","False","1","8","#E69F00","False",""
"msolufse","Mette Olufsen","College of Sciences","Mathematics","","False","2","73","#009E73","False",""
"qyxiang","Qiuyun Xiang","College of Agriculture and Life Sciences","Plant and Microbial Biology","","False","2","78","#E69F00","False",""
"dlgray2","DeLeon Gray","College of Education","Teacher Education and Learning Sciences","","False","1","26","#D55E00","False",""
"mabolha","Milad Abolhasani","College of Engineering","Chemical and Biomolecular Engineering","","False","1","119","#0072B2","False",""
"yliu292","Yin Liu","College of Engineering","Materials Science and Engineering","","False","1","43","#0072B2","False",""
"rclark","Robert Clark","Poole College of Management","Economics","","False","7","85","#F0E442","False",""
"bwkeene","Bruce Keene","College of Veterinary Medicine","Clinical Sciences","","False","1","72","#56B4E9","False",""
"jimielke","Jeffrey Mielke","College of Humanities and Social Sciences","English","","False","2","45","#CC79A7","False",""
"mahaider","Mansoor Haider","College of Sciences","Mathematics","","False","4","35","#009E73","False",""
"dbmorais","Duarte Morais","College of Natural Resources","Parks, Recreation and Tourism Management","","False","3","43","#9B59B6","False",""
"ejjasels","Edward Jaselskis","College of Engineering","Civil, Construction and Environmental Engineering","","False","3","56","#0072B2","False",""
"mnguddat","Murthy Guddati","College of Engineering","Civil, Construction and Environmental Engineering","","False","7","76","#0072B2","False",""
"mhreiski","Michael Reiskind","College of Agriculture and Life Sciences","Entomology and Plant Pathology","","False","2","76","#E69F00","False",""
"jrbochin","Jason Bochinski","College of Sciences","Physics","","False","1","24","#009E73","False",""
"wahoffma","William Hoffmann","College of Agriculture and Life Sciences","Plant and Microbial Biology","","False","6","84","#E69F00","False",""
"gmachad","Gustavo Machado","College of Veterinary Medicine","Population Health and Pathobiology","","False","1","193","#56B4E9","False",""
"ntdinh","Nam Dinh","College of Engineering","Nuclear Engineering","","False","4","81","#0072B2","False",""
"desaloni","Daniel Saloni","College of Natural Resources","Forest Biomaterials","","False","3","51","#9B59B6","False",""
"prhess","Paul Hess","College of Veterinary Medicine","Clinical Sciences","","False","3","36","#56B4E9","False",""
"gwalmond","Glen Almond","College of Veterinary Medicine","Population Health and Pathobiology","","False","2","40","#56B4E9","False",""
"sscmjv","Michael Vepraskas","College of Agriculture and Life Sciences","Crop and Soil Sciences","","False","1","38","#E69F00","False",""
"wditto","William Ditto","College of Sciences","Physics","","False","9","87","#009E73","False",""
"iguvenc","Ismail Guvenc","College of Engineering","Electrical and Computer Engineering","","False","2","154","#0072B2","False",""
"knappe","Detlef Knappe","College of Engineering","Civil, Construction and Environmental Engineering","","False","1","99","#0072B2","False",""
"sdfrank","Steven Frank","College of Agriculture and Life Sciences","Entomology and Plant Pathology","","False","1","72","#E69F00","False",""
"thomas","Melvin Thomas","College of Humanities and Social Sciences","Sociology and Anthropology","","False","1","15","#CC79A7","False",""
"mhpoore","Matt Poore","College of Agriculture and Life Sciences","Animal Science","","False","2","99","#E69F00","False",""
"fang","Shu-Cherng Fang","College of Engineering","Edward P. Fitts Department of Industrial & Systems Engineering","","False","7","142","#0072B2","False",""
"muth","John Muth","College of Engineering","Electrical and Computer Engineering","","False","8","72","#0072B2","False",""
"blhughes","Brian Hughes","College of Engineering","Electrical and Computer Engineering","","False","4","22","#0072B2","False",""
"akhater","Akram Khater","College of Humanities and Social Sciences","Khayrallah Center for Lebanese Diaspora Studies ","","False","1","16","#CC79A7","False",""
"lmquesad","Lina Quesada","College of Agriculture and Life Sciences","Entomology and Plant Pathology","","False","2","98","#E69F00","False",""
"baran","Mesut Baran","College of Engineering","Electrical and Computer Engineering","","False","2","59","#0072B2","False",""
"kim","Youngsoo Kim","College of Engineering","Civil, Construction and Environmental Engineering","","False","14","187","#0072B2","False",""
"tnaziz","Tarek Aziz","College of Engineering","Civil, Construction and Environmental Engineering","","False","1","16","#0072B2","False",""
"zguo32","Zhishan Guo","College of Engineering","Computer Science","","False","2","127","#0072B2","False",""
"mdamori","Marcelo D'Amorim","College of Engineering","Computer Science","","False","1","55","#0072B2","False",""
"emzechma","Emily Berglund","College of Engineering","Civil, Construction and Environmental Engineering","","False","9","167","#0072B2","False",""
"sjcarrie","Sarah Carrier","College of Education","Teacher Education and Learning Sciences","","False","1","44","#D55E00","False",""
"amanzon","Anna Manzoni","College of Humanities and Social Sciences","Sociology and Anthropology","","False","2","26","#CC79A7","False",""
"hfell","Harrison Fell","College of Agriculture and Life Sciences","Agricultural and Resource Economics","","False","3","31","#E69F00","False",""
"jing","Naihuan Jing","College of Sciences","Mathematics","","False","4","203","#009E73","False",""
"mcoady","Maria Coady","College of Education","Education","","False","3","40","#D55E00","False",""
"kbadler","Kenneth Adler","College of Veterinary Medicine","Molecular Biomedical Sciences","","False","2","49","#56B4E9","False",""
"egnichol","Elizabeth Nichols","College of Natural Resources","Forestry and Environmental Resources","","False","1","34","#9B59B6","False",""
"clmarian","Christopher Mariani","College of Veterinary Medicine","Clinical Sciences","","False","2","67","#56B4E9","False",""
"aihawari","Ayman Hawari","College of Engineering","Nuclear Engineering","","False","3","64","#0072B2","False",""
"zikry","Mohammed Zikry","College of Engineering","Mechanical and Aerospace Engineering","","False","12","180","#0072B2","False",""
"crcongre","Curtis Congreve","College of Sciences","Marine, Earth, and Atmospheric Sciences","","False","1","27","#009E73","False",""
"rriehn","Robert Riehn","College of Sciences","Physics","","False","1","53","#009E73","False",""
"sjbracke","Susan Barcinas","College of Education","Educational Leadership, Policy, and Human Development","","False","1","11","#D55E00","False",""
"tjmenzie","Timothy Menzies","College of Engineering","Computer Science","","False","7","172","#0072B2","False",""
"rcollaz","Ramon Collazo","College of Engineering","Materials Science and Engineering","","False","5","225","#0072B2","False",""
"jethoma7","John Thomas","College of Sciences","Physics","","False","2","30","#009E73","False",""
"jpknelle","James Kneller","College of Sciences","Physics","","False","2","60","#009E73","False",""
"pdswartz","Paul Swartz","College of Agriculture and Life Sciences","Molecular and Structural Biochemistry","","False","1","25","#E69F00","False",""
"lvbociu","Lorena Bociu","College of Sciences","Mathematics","","False","1","38","#009E73","False",""
"wpetry","Will Petry","College of Agriculture and Life Sciences","Plant and Microbial Biology","","False","1","23","#E69F00","False",""
"mwnolan","Michael Nolan","College of Veterinary Medicine","Clinical Sciences","","False","1","74","#56B4E9","False",""
"gkennedy","George Kennedy","College of Agriculture and Life Sciences","Entomology and Plant Pathology","","False","2","89","#E69F00","False",""
"flowers","William Flowers","College of Agriculture and Life Sciences","Animal Science","","False","3","39","#E69F00","False",""
"bourham","Mohamed Bourham","College of Engineering","Nuclear Engineering","","False","3","100","#0072B2","False",""
"kwwegman","Karl Wegmann","College of Sciences","Marine, Earth, and Atmospheric Sciences","","False","3","90","#009E73","False",""
"stsynkov","Semyon Tsynkov","College of Sciences","Mathematics","","False","2","86","#009E73","False",""
"sjmcdona","Steve McDonald","College of Humanities and Social Sciences","Sociology and Anthropology","","False","4","41","#CC79A7","False",""
"nmeskhi","Nicholas Meskhidze","College of Sciences","Marine, Earth, and Atmospheric Sciences","","False","4","63","#009E73","False",""
"cebarbie","Carla Barbieri","College of Natural Resources","Parks, Recreation and Tourism Management","","False","2","68","#9B59B6","False",""
"chhaigle","Candace Haigler","College of Agriculture and Life Sciences","Crop and Soil Sciences","","False","5","62","#E69F00","False",""
"mgamcsi","Michael Gamcsik","College of Engineering","Biomedical Engineering","","False","1","16","#0072B2","False",""
"tvyoung","Tamara Young","College of Education","Educational Leadership, Policy, and Human Development","","False","1","11","#D55E00","False",""
"lvkochtc","Lada Kochtcheeva","College of Humanities and Social Sciences","Political Science & Public Administration [in the School of Public and International Affairs]","","False","3","29","#CC79A7","False",""
"jcneal","Joseph Neal","College of Agriculture and Life Sciences","Horticultural Science","","False","1","10","#E69F00","False",""
"dyanistr","Dmitriy Anistratov","College of Engineering","Nuclear Engineering","","False","1","29","#0072B2","False",""
"fgould","Fred Gould","College of Agriculture and Life Sciences","Entomology and Plant Pathology","","False","11","100","#E69F00","False",""
"jmcasper","Jonathan Casper","College of Natural Resources","Parks, Recreation and Tourism Management","","False","1","62","#9B59B6","False",""
"mfbykova","Marina Bykova","College of Humanities and Social Sciences","Philosophy and Religious Studies","","False","4","76","#CC79A7","False",""
"ascafur","Alessandra Scafuro","College of Engineering","Computer Science","","False","1","23","#0072B2","False",""
"pkolar","Praveen Kolar","College of Agriculture and Life Sciences","Biological and Agricultural Engineering","","False","1","49","#E69F00","False",""
"lkromo","Lynsey Romo","College of Humanities and Social Sciences","Communication","","False","2","51","#CC79A7","False",""
"kmjennin","Katherine Jennings","College of Agriculture and Life Sciences","Horticultural Science","","False","5","127","#E69F00","False",""
"kmoliver","Kevin Oliver","College of Education","Teacher Education and Learning Sciences","","False","2","30","#D55E00","False",""
"mrblanch","Meg Blanchard","College of Education","Science, Technology, Engineering, & Mathematics Education","","False","2","34","#D55E00","False",""
"moorman","Christopher Moorman","College of Natural Resources","Forestry and Environmental Resources","","False","7","177","#9B59B6","False",""
"wmjones4","Whitney Jones","College of Sciences","Biological Sciences","","False","1","3","#009E73","False",""
